0xf000000c,0x00000001,0,c
0xf000000c,0x00000004,0,ow
0xf000006c,0x881a,0,w
0xf0000014,0x0100004b,0,w
0xf000006c,0x881b,100,w
0xf000006c,0x8819,0,w
0xf000000c,0x00000004,0,c
0xf0000024,0x07000000,0,c
0xf0000024,0x01000000,0,ow
0xf0000068,0x81a,0,w
0xf0000064,0x05000064,0,w
0xf0000068,0x81b,100,w
0xf0000068,0x819,0,w
0xf0000074,0x18000,0,w
0xf000000c,0x0000000d,0,ow
0xf0000024,0x07000000,0,c
0xf0000020,0x4000000,0x64,ow
0xf0000018,0x881a,0,w
0xf0000010,0x00010054,0,w
0xf0000018,0x881b,2000,w
0xf0000018,0x8819,0,w
0xf0000020,0x4000000,0,c
0xed000000,0x00000600,0,w
0xed000004,0x00000000,0,w
0xed000008,0x00000000,0,w
0xed00000c,0x00000000,0,w
0xed000010,0x00000000,0,w
0xed000014,0x00000000,0,w
0xed000018,0x00000000,0,w
0xed00001c,0x00000000,0,w
0xed000020,0x00000000,0,w
0xed000024,0x0000000b,0,w
0xed000028,0x00000000,0,w
0xed00002c,0x00000000,0,w
0xed000030,0x01000000,0,w
0xed000034,0x00033f1e,0,w
0xed000038,0x00081dcb,0,w
0xed00003c,0x00000000,0,w
0xed000040,0x1c000200,0,w
0xed000044,0x0404000a,0,w
0xed000048,0x08253206,0,w
0xed00004c,0x04081b0e,0,w
0xed000050,0x00823510,0,w
0xed000054,0x0e000506,0,w
0xed000058,0x01000010,0,w
0xed00005c,0x0e031e01,0,w
0xed000060,0x01000000,0,w
0xed000064,0x10160115,0,w
0xed000068,0x00000700,0,w
0xed00006c,0x0000001a,0,w
0xed000070,0x02000000,0,w
0xed000074,0x00000120,0,w
0xed000078,0x0b000001,0,w
0xed00007c,0x0200000b,0,w
0xed000080,0x001f0403,0,w
0xed000084,0x00040003,0,w
0xed000088,0x00000007,0,w
0xed00008c,0x00000000,0,w
0xed000090,0x00000000,0,w
0xed000094,0x00000000,0,w
0xed000098,0x00000000,0,w
0xed00009c,0x00000000,0,w
0xed0000a0,0x00240000,0,w
0xed0000a4,0x00280044,0,w
0xed0000a8,0x00000000,0,w
0xed0000ac,0x00000000,0,w
0xed0000b0,0x01010000,0,w
0xed0000b4,0x00000000,0,w
0xed0000b8,0x00000000,0,w
0xed0000bc,0x0002a900,0,w
0xed0000c0,0x00560155,0,w
0xed0000c4,0x00000200,0,w
0xed0000c8,0x00000040,0,w
0xed0000cc,0x00000000,0,w
0xed0000d0,0x0a010100,0,w
0xed0000d4,0x01011fff,0,w
0xed0000d8,0x01010101,0,w
0xed0000dc,0x010b0101,0,w
0xed0000e0,0x000c0000,0,w
0xed0000e4,0x00000000,0,w
0xed0000e8,0x00000100,0,w
0xed0000ec,0x00000000,0,w
0xed0000f0,0x00000000,0,w
0xed0000f4,0x00000000,0,w
0xed0000f8,0x00000000,0,w
0xed0000fc,0x00000000,0,w
0xed000100,0x00000000,0,w
0xed000104,0x00000000,0,w
0xed000108,0x00000000,0,w
0xed00010c,0x00000000,0,w
0xed000110,0x00000000,0,w
0xed000114,0x00000000,0,w
0xed000118,0x09000000,0,w
0xed00011c,0x00000106,0,w
0xed000120,0x00020000,0,w
0xed000124,0x00000000,0,w
0xed000128,0x00000000,0,w
0xed00012c,0x00000000,0,w
0xed000130,0x280d0000,0,w
0xed000134,0x00000000,0,w
0xed000138,0x00000000,0,w
0xed00013c,0x00000000,0,w
0xed000140,0x00000000,0,w
0xed000144,0x00000000,0,w
0xed000148,0x00000000,0,w
0xed00014c,0x00000000,0,w
0xed000150,0x00004040,0,w
0xed000154,0x00000000,0,w
0xed000158,0x00000000,0,w
0xed00015c,0x00404000,0,w
0xed000160,0x0f0f0000,0,w
0xed000164,0x02020f0f,0,w
0xed000168,0x00020200,0,w
0xed00016c,0x02000202,0,w
0xed000170,0x070780fa,0,w
0xed000174,0x01280700,0,w
0xed000178,0x00012800,0,w
0xed00017c,0x28001128,0,w
0xed000180,0x60280061,0,w
0xed000184,0x01606000,0,w
0xed000188,0x00000000,0,w
0xed00018c,0x00001000,0,w
0xed000190,0x0040c200,0,w
0xed000194,0x02000840,0,w
0xed000198,0x02000200,0,w
0xed00019c,0x000040c2,0,w
0xed0001a0,0x000143ca,0,w
0xed0001a4,0x01020a0d,0,w
0xed0001a8,0x000d0a03,0,w
0xed0001ac,0x00000000,0,w
0xed0001b0,0x00000000,0,w
0xed0001b4,0x04038000,0,w
0xed0001b8,0x07030a07,0,w
0xed0001bc,0x00ffff31,0,w
0xed0001c0,0x000d0010,0,w
0xed0001c4,0x00000000,0,w
0xed0001c8,0x00000000,0,w
0xed0001cc,0x00000000,0,w
0xed0001d0,0x00000000,0,w
0xed0001d4,0x00000204,0,w
0xed0001d8,0x00000000,0,w
0xed0001dc,0x14000001,0,w
0xed0001e0,0x04030f12,0,w
0xed0001e4,0x01160d0a,0,w
0xed0001e8,0x09050e13,0,w
0xed0001ec,0x08060b17,0,w
0xed0001f0,0x020c0700,0,w
0xed0001f4,0x15181110,0,w
0xed0001f8,0x5132a870,0,w
0xed0001fc,0xce674351,0,w
0xed000200,0x00000802,0,w
0xed000204,0x00000814,0,w
0xed000208,0x800100c8,0,w
0xed00020c,0x00000006,0,w
0xed000210,0x0e32000c,0,w
0xed000214,0x00004040,0,w
0xed000218,0x00004921,0,w
0xed00021c,0x00000000,0,w
0xed000220,0x00000000,0,w
0xed000224,0x00000000,0,w
0xed000228,0x00000000,0,w
0xed00022c,0x00000000,0,w
0xed000230,0x0000878a,0,w
0xed000234,0x00000000,0,w
0xed000238,0x00000000,0,w
0xed00023c,0x4240f000,0,w
0xed000240,0x00000000,0,w
0xed000244,0x00000000,0,w
0xed000248,0x00000000,0,w
0xed00024c,0x00000000,0,w
0xed000250,0x00000000,0,w
0xed000254,0x00000000,0,w
0xed000258,0x00000000,0,w
0xed00025c,0x00000000,0,w
0xed000260,0x00000040,0,w
0xed000264,0x0000000a,0,w
0xed000268,0x00000000,0,w
0xed00026c,0x00000000,0,w
0xed000270,0x00000000,0,w
0xed000274,0x00000000,0,w
0xed000278,0x00000000,0,w
0xed00027c,0x00000000,0,w
0xed000280,0x00000802,0,w
0xed000284,0x00000814,0,w
0xed000288,0x800100c8,0,w
0xed00028c,0x00000006,0,w
0xed000290,0x0e32000c,0,w
0xed000294,0x00004040,0,w
0xed000298,0x00004921,0,w
0xed00029c,0x00000000,0,w
0xed0002a0,0x00000000,0,w
0xed0002a4,0x00000000,0,w
0xed0002a8,0x00000000,0,w
0xed0002ac,0x00000000,0,w
0xed0002b0,0x0000878a,0,w
0xed0002b4,0x00000000,0,w
0xed0002b8,0x00000000,0,w
0xed0002bc,0x4240f000,0,w
0xed0002c0,0x00000000,0,w
0xed0002c4,0x00000000,0,w
0xed0002c8,0x00000000,0,w
0xed0002cc,0x00000000,0,w
0xed0002d0,0x00000000,0,w
0xed0002d4,0x00000000,0,w
0xed0002d8,0x00000000,0,w
0xed0002dc,0x00000000,0,w
0xed0002e0,0x00000040,0,w
0xed0002e4,0x00000008,0,w
0xed0002e8,0x00000000,0,w
0xed0002ec,0x00000000,0,w
0xed0002f0,0x00000000,0,w
0xed0002f4,0x00000000,0,w
0xed0002f8,0x00000000,0,w
0xed0002fc,0x00000000,0,w
0xed000300,0x00000812,0,w
0xed000304,0x00000814,0,w
0xed000308,0x800100c8,0,w
0xed00030c,0x00000006,0,w
0xed000310,0x0e12000c,0,w
0xed000314,0x00007040,0,w
0xed000318,0x00004921,0,w
0xed00031c,0x00000000,0,w
0xed000320,0x00000000,0,w
0xed000324,0x00000000,0,w
0xed000328,0x00000000,0,w
0xed00032c,0x00000000,0,w
0xed000330,0x0000818a,0,w
0xed000334,0x00000000,0,w
0xed000338,0x00000000,0,w
0xed00033c,0x4240f000,0,w
0xed000340,0x00000000,0,w
0xed000344,0x00000000,0,w
0xed000348,0x00000000,0,w
0xed00034c,0x00000000,0,w
0xed000350,0x00000000,0,w
0xed000354,0x00000000,0,w
0xed000358,0x00000000,0,w
0xed00035c,0x00000000,0,w
0xed000360,0x00000000,0,w
0xed000364,0x00000000,0,w
0xed000368,0x00000000,0,w
0xed00036c,0x00000000,0,w
0xed000370,0x00000000,0,w
0xed000374,0x00000000,0,w
0xed000378,0x00000000,0,w
0xed00037c,0x00000000,0,w
0xed000380,0x00111008,0,w
0xed000384,0x00000000,0,w
0xed000388,0x00030503,0,w
0xed00038c,0x003A003A,0,w
0xed000390,0x003A003A,0,w
0xed000394,0x003A003A,0,w
0xed000398,0x00060006,0,w
0xed00039c,0x00060006,0,w
0xed0003a0,0x00080a90,0,w
0xed0003a4,0x00000000,0,w
0xed0003a8,0x00000000,0,w
0xed0003ac,0x00000061,0,w
0xED000000,0x1,0,ow
0xED0000ec,0x10,ffff,mr
0xF000001c,0x89d4881f,0,w
0xF0000020,0xe0000002,0,w
